dateid,time,abbreviation_canton_and_fl,ncumul_tested,ncumul_conf,current_hosp,current_icu,current_vent,ncumul_released,ncumul_deceased,source
20210322,14:30,ZH,,91985,144,26,13,,1314,https://www.zh.ch/de/gesundheit/coronavirus.html
20210321,14:30,ZH,,91782,131,25,12,,1314,https://www.zh.ch/de/gesundheit/coronavirus.html
20210320,14:30,ZH,,91603,132,22,11,,1312,https://www.zh.ch/de/gesundheit/coronavirus.html
20210319,14:30,ZH,,91301,127,20,13,,1312,https://www.zh.ch/de/gesundheit/coronavirus.html
20210318,14:30,ZH,,91043,125,19,12,,1312,https://www.zh.ch/de/gesundheit/coronavirus.html
20210317,14:30,ZH,,90719,132,21,15,,1311,https://www.zh.ch/de/gesundheit/coronavirus.html
20210316,14:30,ZH,,90428,141,22,17,,1308,https://www.zh.ch/de/gesundheit/coronavirus.html
20210315,14:30,ZH,,90119,138,23,17,,1304,https://www.zh.ch/de/gesundheit/coronavirus.html
20210314,14:30,ZH,,89945,128,22,16,,1300,https://www.zh.ch/de/gesundheit/coronavirus.html
20210313,14:30,ZH,,89786,127,26,18,,1298,https://www.zh.ch/de/gesundheit/coronavirus.html
20210312,14:30,ZH,,89579,119,23,17,,1294,https://www.zh.ch/de/gesundheit/coronavirus.html
20210311,14:30,ZH,,89386,136,26,17,,1294,https://www.zh.ch/de/gesundheit/coronavirus.html
20210310,14:30,ZH,,89145,136,23,15,,1291,https://www.zh.ch/de/gesundheit/coronavirus.html
20210309,14:30,ZH,,88896,146,27,12,,1290,https://www.zh.ch/de/gesundheit/coronavirus.html
20210308,14:30,ZH,,88628,143,24,12,,1290,https://www.zh.ch/de/gesundheit/coronavirus.html
20210307,14:30,ZH,,88509,142,24,10,,1287,https://www.zh.ch/de/gesundheit/coronavirus.html
20210306,14:30,ZH,,88403,143,24,12,,1287,https://www.zh.ch/de/gesundheit/coronavirus.html
20210305,14:30,ZH,,88184,147,28,8,,1286,https://www.zh.ch/de/gesundheit/coronavirus.html
20210304,14:30,ZH,,88008,138,27,10,,1284,https://www.zh.ch/de/gesundheit/coronavirus.html
20210303,14:30,ZH,,87780,137,24,10,,1283,https://www.zh.ch/de/gesundheit/coronavirus.html
20210302,14:30,ZH,,87642,134,28,10,,1283,https://www.zh.ch/de/gesundheit/coronavirus.html
20210301,14:30,ZH,,87451,121,24,11,,1281,https://www.zh.ch/de/gesundheit/coronavirus.html
20210228,14:30,ZH,,87346,126,25,11,,1278,https://www.zh.ch/de/gesundheit/coronavirus.html
20210227,14:30,ZH,,87264,132,27,14,,1277,https://www.zh.ch/de/gesundheit/coronavirus.html
20210226,14:30,ZH,,87120,126,31,16,,1276,https://www.zh.ch/de/gesundheit/coronavirus.html
20210225,14:30,ZH,,86973,126,31,15,,1275,https://www.zh.ch/de/gesundheit/coronavirus.html
20210224,14:30,ZH,,86814,122,29,14,,1274,https://www.zh.ch/de/gesundheit/coronavirus.html
20210223,14:30,ZH,,86646,130,29,16,,1274,https://www.zh.ch/de/gesundheit/coronavirus.html
20210222,14:30,ZH,,86453,148,31,15,,1271,https://www.zh.ch/de/gesundheit/coronavirus.html
20210221,14:30,ZH,,86373,140,35,21,,1270,https://www.zh.ch/de/gesundheit/coronavirus.html
20210220,14:30,ZH,,86265,145,38,22,,1265,https://www.zh.ch/de/gesundheit/coronavirus.html
20210219,14:30,ZH,,86116,151,40,24,,1264,https://www.zh.ch/de/gesundheit/coronavirus.html
20210218,14:30,ZH,,85943,153,40,27,,1261,https://www.zh.ch/de/gesundheit/coronavirus.html
20210217,14:30,ZH,,85756,147,37,30,,1260,https://www.zh.ch/de/gesundheit/coronavirus.html
20210216,14:30,ZH,,85577,151,40,29,,1259,https://www.zh.ch/de/gesundheit/coronavirus.html
20210215,14:30,ZH,,85386,157,41,30,,1258,https://www.zh.ch/de/gesundheit/coronavirus.html
20210214,14:30,ZH,,85280,157,38,32,,1255,https://www.zh.ch/de/gesundheit/coronavirus.html
20210213,14:30,ZH,,85216,165,43,39,,1251,https://www.zh.ch/de/gesundheit/coronavirus.html
20210212,14:30,ZH,,85013,176,46,39,,1247,https://www.zh.ch/de/gesundheit/coronavirus.html
20210211,14:30,ZH,,84838,180,47,39,,1244,https://www.zh.ch/de/gesundheit/coronavirus.html
20210210,14:30,ZH,,84632,203,49,34,,1244,https://www.zh.ch/de/gesundheit/coronavirus.html
20210209,14:30,ZH,,84382,203,45,36,,1240,https://www.zh.ch/de/gesundheit/coronavirus.html
20210208,14:30,ZH,,84082,221,50,40,,1235,https://www.zh.ch/de/gesundheit/coronavirus.html
20210207,14:30,ZH,,83947,215,52,38,,1230,https://www.zh.ch/de/gesundheit/coronavirus.html
20210206,14:30,ZH,,83818,200,48,38,,1225,https://www.zh.ch/de/gesundheit/coronavirus.html
20210205,14:30,ZH,,83599,208,49,36,,1220,https://www.zh.ch/de/gesundheit/coronavirus.html
20210204,14:30,ZH,,83347,207,50,39,,1212,https://www.zh.ch/de/gesundheit/coronavirus.html
20210203,14:30,ZH,,83076,221,52,36,,1209,https://www.zh.ch/de/gesundheit/coronavirus.html
20210202,14:30,ZH,,82801,230,54,36,,1203,https://www.zh.ch/de/gesundheit/coronavirus.html
20210201,14:30,ZH,,82474,235,51,36,,1198,https://www.zh.ch/de/gesundheit/coronavirus.html
20210131,14:30,ZH,,82325,229,58,33,,1195,https://www.zh.ch/de/gesundheit/coronavirus.html
20210130,14:30,ZH,,82154,216,55,36,,1187,https://www.zh.ch/de/gesundheit/coronavirus.html
20210129,14:30,ZH,,81907,222,60,36,,1183,https://www.zh.ch/de/gesundheit/coronavirus.html
20210128,14:30,ZH,,81593,241,67,40,,1179,https://www.zh.ch/de/gesundheit/coronavirus.html
20210127,14:30,ZH,,81239,236,61,43,,1173,https://www.zh.ch/de/gesundheit/coronavirus.html
20210126,14:30,ZH,,80869,239,62,42,,1167,https://www.zh.ch/de/gesundheit/coronavirus.html
20210125,14:30,ZH,,80538,258,67,51,,1164,https://www.zh.ch/de/gesundheit/coronavirus.html
20210124,14:30,ZH,,80342,252,68,52,,1158,https://www.zh.ch/de/gesundheit/coronavirus.html
20210123,14:30,ZH,,80142,256,70,52,,1152,https://www.zh.ch/de/gesundheit/coronavirus.html
20210122,14:30,ZH,,79796,262,69,53,,1144,https://www.zh.ch/de/gesundheit/coronavirus.html
20210121,14:30,ZH,,79350,298,69,51,,1137,https://www.zh.ch/de/gesundheit/coronavirus.html
20210120,14:30,ZH,,79034,309,70,56,,1130,https://www.zh.ch/de/gesundheit/coronavirus.html
20210119,14:30,ZH,,78580,311,72,54,,1122,https://www.zh.ch/de/gesundheit/coronavirus.html
20210118,14:30,ZH,,78154,311,71,54,,1107,https://www.zh.ch/de/gesundheit/coronavirus.html
20210117,14:30,ZH,,77944,299,71,56,,1099,https://www.zh.ch/de/gesundheit/coronavirus.html
20210116,14:30,ZH,,77724,301,75,56,,1092,https://www.zh.ch/de/gesundheit/coronavirus.html
20210115,14:30,ZH,,77378,336,79,60,,1086,https://www.zh.ch/de/gesundheit/coronavirus.html
20210114,14:30,ZH,,77019,349,75,58,,1075,https://www.zh.ch/de/gesundheit/coronavirus.html
20210113,14:30,ZH,,76598,381,76,54,,1067,https://www.zh.ch/de/gesundheit/coronavirus.html
20210112,14:30,ZH,,76081,393,79,56,,1057,https://www.zh.ch/de/gesundheit/coronavirus.html
20210111,14:30,ZH,,75494,401,87,57,,1048,https://www.zh.ch/de/gesundheit/coronavirus.html
20210110,14:30,ZH,,75196,376,87,58,,1038,https://www.zh.ch/de/gesundheit/coronavirus.html
20210109,14:30,ZH,,74964,380,86,60,,1030,https://www.zh.ch/de/gesundheit/coronavirus.html
20210108,14:30,ZH,,74448,417,89,63,,1019,https://www.zh.ch/de/gesundheit/coronavirus.html
20210107,14:30,ZH,,73775,442,89,63,,1010,https://www.zh.ch/de/gesundheit/coronavirus.html
20210106,14:30,ZH,,73173,480,99,67,,1003,https://www.zh.ch/de/gesundheit/coronavirus.html
20210105,14:30,ZH,,72331,491,104,69,,995,https://www.zh.ch/de/gesundheit/coronavirus.html
20210104,14:30,ZH,,71455,484,102,65,,985,https://www.zh.ch/de/gesundheit/coronavirus.html
20210103,14:30,ZH,,70909,479,98,69,,977,https://www.zh.ch/de/gesundheit/coronavirus.html
20210102,14:30,ZH,,70421,455,101,67,,968,https://www.zh.ch/de/gesundheit/coronavirus.html
20210101,14:30,ZH,,70044,445,96,62,,957,https://www.zh.ch/de/gesundheit/coronavirus.html
20201231,14:30,ZH,,69494,465,96,68,,941,https://www.zh.ch/de/gesundheit/coronavirus.html
20201230,14:30,ZH,,68588,492,97,69,,925,https://www.zh.ch/de/gesundheit/coronavirus.html
20201229,14:30,ZH,,67688,514,105,71,,913,https://www.zh.ch/de/gesundheit/coronavirus.html
20201228,14:30,ZH,,66731,498,100,67,,900,https://www.zh.ch/de/gesundheit/coronavirus.html
20201227,14:30,ZH,,66201,494,103,75,,882,https://www.zh.ch/de/gesundheit/coronavirus.html
20201226,14:30,ZH,,65737,480,106,79,,860,https://www.zh.ch/de/gesundheit/coronavirus.html
20201225,14:30,ZH,,65375,499,98,70,,844,https://www.zh.ch/de/gesundheit/coronavirus.html
20201224,14:30,ZH,,64746,499,98,70,,830,https://www.zh.ch/de/gesundheit/coronavirus.html
20201223,14:30,ZH,,63754,498,104,73,,816,https://www.zh.ch/de/gesundheit/coronavirus.html
20201222,14:30,ZH,,62548,508,101,72,,797,https://www.zh.ch/de/gesundheit/coronavirus.html
20201221,14:30,ZH,,61571,538,98,70,,777,https://www.zh.ch/de/gesundheit/coronavirus.html
20201220,14:30,ZH,,61099,520,96,69,,757,https://www.zh.ch/de/gesundheit/coronavirus.html
20201219,14:30,ZH,,60520,493,97,66,,732,https://www.zh.ch/de/gesundheit/coronavirus.html
20201218,14:30,ZH,,59707,488,99,73,,719,https://www.zh.ch/de/gesundheit/coronavirus.html
20201217,14:30,ZH,,58889,521,103,73,,706,https://www.zh.ch/de/gesundheit/coronavirus.html
20201216,14:30,ZH,,57788,518,107,73,,691,https://www.zh.ch/de/gesundheit/coronavirus.html
20201215,14:30,ZH,,56852,521,98,71,,674,https://www.zh.ch/de/gesundheit/coronavirus.html
20201214,14:30,ZH,,55850,535,97,71,,655,https://www.zh.ch/de/gesundheit/coronavirus.html
20201213,14:30,ZH,,55350,517,99,66,,641,https://www.zh.ch/de/gesundheit/coronavirus.html
20201212,14:30,ZH,,54704,489,91,64,,624,https://www.zh.ch/de/gesundheit/coronavirus.html
20201211,14:30,ZH,,53945,483,93,71,,606,https://www.zh.ch/de/gesundheit/coronavirus.html
20201210,14:30,ZH,,52908,475,90,68,,588,https://www.zh.ch/de/gesundheit/coronavirus.html
20201209,14:30,ZH,,51979,478,84,65,,567,https://www.zh.ch/de/gesundheit/coronavirus.html
20201208,14:30,ZH,,50929,491,87,64,,551,https://www.zh.ch/de/gesundheit/coronavirus.html
20201207,14:30,ZH,,49924,456,80,63,,531,https://www.zh.ch/de/gesundheit/coronavirus.html
20201206,14:30,ZH,,49419,430,80,60,,520,https://www.zh.ch/de/gesundheit/coronavirus.html
20201205,14:30,ZH,,48965,411,85,63,,505,https://www.zh.ch/de/gesundheit/coronavirus.html
20201204,14:30,ZH,,48173,393,85,64,,496,https://www.zh.ch/de/gesundheit/coronavirus.html
20201203,14:30,ZH,,47202,397,92,60,,484,https://www.zh.ch/de/gesundheit/coronavirus.html
20201202,14:30,ZH,,46436,400,89,66,,474,https://www.zh.ch/de/gesundheit/coronavirus.html
20201201,14:30,ZH,,45497,393,87,62,,461,https://www.zh.ch/de/gesundheit/coronavirus.html
20201130,14:30,ZH,,44720,410,84,57,,442,https://www.zh.ch/de/gesundheit/coronavirus.html
20201129,14:30,ZH,,44348,397,77,54,,434,https://www.zh.ch/de/gesundheit/coronavirus.html
20201128,14:30,ZH,,43930,369,78,52,,425,https://www.zh.ch/de/gesundheit/coronavirus.html
20201127,14:30,ZH,,43201,389,72,54,,415,https://www.zh.ch/de/gesundheit/coronavirus.html
20201126,14:30,ZH,,42440,397,73,49,,404,https://www.zh.ch/de/gesundheit/coronavirus.html
20201125,14:30,ZH,,41775,389,68,50,,394,https://www.zh.ch/de/gesundheit/coronavirus.html
20201124,14:30,ZH,,40963,395,73,46,,379,https://www.zh.ch/de/gesundheit/coronavirus.html
20201123,14:30,ZH,,40169,400,68,44,,371,https://www.zh.ch/de/gesundheit/coronavirus.html
20201122,14:30,ZH,,39848,376,72,48,,356,https://www.zh.ch/de/gesundheit/coronavirus.html
20201121,14:30,ZH,,39497,370,72,48,,347,https://www.zh.ch/de/gesundheit/coronavirus.html
20201120,14:30,ZH,,38770,371,70,47,,336,https://www.zh.ch/de/gesundheit/coronavirus.html
20201119,14:30,ZH,,38046,372,65,44,,326,https://www.zh.ch/de/gesundheit/coronavirus.html
20201118,14:30,ZH,,37265,392,69,51,,319,https://www.zh.ch/de/gesundheit/coronavirus.html
20201117,14:30,ZH,,36300,379,69,51,,310,https://www.zh.ch/de/gesundheit/coronavirus.html
20201116,14:30,ZH,,35436,375,69,50,,302,https://www.zh.ch/de/gesundheit/coronavirus.html
20201115,14:30,ZH,,35066,347,75,52,,292,https://www.zh.ch/de/gesundheit/coronavirus.html
20201114,14:30,ZH,,34463,339,73,49,,283,https://www.zh.ch/de/gesundheit/coronavirus.html
20201113,14:30,ZH,,33744,360,66,47,,276,https://www.zh.ch/de/gesundheit/coronavirus.html
20201112,14:30,ZH,,32964,361,67,47,,265,https://www.zh.ch/de/gesundheit/coronavirus.html
20201111,14:30,ZH,,32151,374,66,47,,256,https://www.zh.ch/de/gesundheit/coronavirus.html
20201110,14:30,ZH,,31140,380,65,47,,248,https://www.zh.ch/de/gesundheit/coronavirus.html
20201109,14:30,ZH,,30426,359,69,46,,238,https://www.zh.ch/de/gesundheit/coronavirus.html
20201108,14:30,ZH,,29954,332,64,46,,236,https://www.zh.ch/de/gesundheit/coronavirus.html
20201107,14:30,ZH,,29094,323,60,43,,227,https://www.zh.ch/de/gesundheit/coronavirus.html
20201106,14:30,ZH,,28656,330,55,44,,223,https://www.zh.ch/de/gesundheit/coronavirus.html
20201105,14:30,ZH,,27014,326,52,39,,218,https://www.zh.ch/de/gesundheit/coronavirus.html
20201104,14:30,ZH,,25816,336,52,33,,212,https://www.zh.ch/de/gesundheit/coronavirus.html
20201103,14:30,ZH,,24719,324,48,32,,207,https://www.zh.ch/de/gesundheit/coronavirus.html
20201102,14:30,ZH,,24261,286,41,32,,204,https://www.zh.ch/de/gesundheit/coronavirus.html
20201101,14:30,ZH,,23834,258,38,31,,195,https://www.zh.ch/de/gesundheit/coronavirus.html
20201031,14:30,ZH,,22936,237,39,26,,193,https://www.zh.ch/de/gesundheit/coronavirus.html
20201030,14:30,ZH,,21883,239,31,22,,190,https://www.zh.ch/de/gesundheit/coronavirus.html
20201029,14:30,ZH,,20865,221,26,21,,186,https://www.zh.ch/de/gesundheit/coronavirus.html
20201028,14:30,ZH,,19503,201,24,17,,178,https://www.zh.ch/de/gesundheit/coronavirus.html
20201027,14:30,ZH,,18480,200,26,19,,175,https://www.zh.ch/de/gesundheit/coronavirus.html
20201026,14:30,ZH,,17783,180,22,16,,171,https://www.zh.ch/de/gesundheit/coronavirus.html
20201025,14:30,ZH,,17307,159,22,14,,166,https://www.zh.ch/de/gesundheit/coronavirus.html
20201024,14:30,ZH,,16237,130,21,16,,164,https://www.zh.ch/de/gesundheit/coronavirus.html
20201023,14:30,ZH,,15483,112,20,13,,163,https://www.zh.ch/de/gesundheit/coronavirus.html
20201022,14:30,ZH,,14800,101,15,10,,162,https://www.zh.ch/de/gesundheit/coronavirus.html
20201021,14:30,ZH,,14023,99,13,8,,160,https://www.zh.ch/de/gesundheit/coronavirus.html
20201020,14:30,ZH,,13039,90,12,6,,160,https://www.zh.ch/de/gesundheit/coronavirus.html
20201019,14:30,ZH,,12714,84,10,5,,159,https://www.zh.ch/de/gesundheit/coronavirus.html
20201018,14:30,ZH,,12509,71,10,6,,158,https://www.zh.ch/de/gesundheit/coronavirus.html
20201017,14:30,ZH,,11985,60,8,6,,157,https://www.zh.ch/de/gesundheit/coronavirus.html
20201016,14:30,ZH,,11445,62,10,7,,157,https://www.zh.ch/de/gesundheit/coronavirus.html
20201015,14:30,ZH,,10732,47,9,7,,154,https://www.zh.ch/de/gesundheit/coronavirus.html
20201014,14:30,ZH,,10392,47,9,7,,154,https://www.zh.ch/de/gesundheit/coronavirus.html
20201013,14:30,ZH,,10164,45,7,6,,153,https://www.zh.ch/de/gesundheit/coronavirus.html
20201012,14:30,ZH,,9934,51,9,7,,153,https://www.zh.ch/de/gesundheit/coronavirus.html
20201011,14:30,ZH,,9761,50,7,4,,153,https://www.zh.ch/de/gesundheit/coronavirus.html
20201010,14:30,ZH,,9551,42,6,4,,153,https://www.zh.ch/de/gesundheit/coronavirus.html
20201009,14:30,ZH,,9282,36,5,4,,152,https://www.zh.ch/de/gesundheit/coronavirus.html
20201008,14:30,ZH,,9048,24,6,4,,152,https://www.zh.ch/de/gesundheit/coronavirus.html
20201007,14:30,ZH,,8900,23,6,4,,151,https://www.zh.ch/de/gesundheit/coronavirus.html
20201006,14:30,ZH,,8717,26,6,5,,151,https://www.zh.ch/de/gesundheit/coronavirus.html
20201005,14:30,ZH,,8557,31,8,7,,151,https://www.zh.ch/de/gesundheit/coronavirus.html
20201004,14:30,ZH,,8516,32,8,8,,151,https://www.zh.ch/de/gesundheit/coronavirus.html
20201003,14:30,ZH,,8316,32,8,8,,151,https://www.zh.ch/de/gesundheit/coronavirus.html
20201002,14:30,ZH,,8217,31,8,8,,151,https://www.zh.ch/de/gesundheit/coronavirus.html
20201001,14:30,ZH,,8085,28,10,9,,151,https://www.zh.ch/de/gesundheit/coronavirus.html
20200930,14:30,ZH,,7988,31,11,9,,150,https://www.zh.ch/de/gesundheit/coronavirus.html
20200929,14:30,ZH,,7853,31,12,8,,150,https://www.zh.ch/de/gesundheit/coronavirus.html
20200928,14:30,ZH,,7792,34,11,8,,150,https://www.zh.ch/de/gesundheit/coronavirus.html
20200927,14:30,ZH,,7773,32,11,8,,150,https://www.zh.ch/de/gesundheit/coronavirus.html
20200926,14:30,ZH,,7742,32,11,8,,149,https://www.zh.ch/de/gesundheit/coronavirus.html
20200925,14:30,ZH,,7666,33,10,8,,149,https://www.zh.ch/de/gesundheit/coronavirus.html
20200924,14:30,ZH,,7600,29,11,7,,149,https://www.zh.ch/de/gesundheit/coronavirus.html
20200923,14:30,ZH,,7540,28,9,6,,148,https://www.zh.ch/de/gesundheit/coronavirus.html
20200922,14:30,ZH,,7480,26,8,6,,148,https://www.zh.ch/de/gesundheit/coronavirus.html
20200921,14:30,ZH,,7436,23,8,6,,148,https://www.zh.ch/de/gesundheit/coronavirus.html
20200920,14:30,ZH,,7395,27,11,8,,148,https://www.zh.ch/de/gesundheit/coronavirus.html
20200919,14:30,ZH,,7341,23,12,8,,148,https://www.zh.ch/de/gesundheit/coronavirus.html
20200918,14:30,ZH,,7298,25,10,8,,148,https://www.zh.ch/de/gesundheit/coronavirus.html
20200917,14:30,ZH,,7217,27,11,9,,148,https://www.zh.ch/de/gesundheit/coronavirus.html
20200916,14:30,ZH,,7132,25,11,9,,148,https://www.zh.ch/de/gesundheit/coronavirus.html
20200915,14:30,ZH,,7069,28,10,9,,148,https://www.zh.ch/de/gesundheit/coronavirus.html
20200914,14:30,ZH,,7018,25,10,9,,148,https://www.zh.ch/de/gesundheit/coronavirus.html
20200913,14:30,ZH,,6999,23,10,8,,148,https://www.zh.ch/de/gesundheit/coronavirus.html
20200912,14:30,ZH,,6952,22,10,8,,148,https://www.zh.ch/de/gesundheit/coronavirus.html
20200911,14:30,ZH,,6876,25,10,8,,148,https://www.zh.ch/de/gesundheit/coronavirus.html
20200910,14:30,ZH,,6788,26,10,8,,146,https://www.zh.ch/de/gesundheit/coronavirus.html
20200909,14:30,ZH,,6703,29,10,8,,146,https://www.zh.ch/de/gesundheit/coronavirus.html
20200908,14:30,ZH,,6642,31,11,9,,146,https://www.zh.ch/de/gesundheit/coronavirus.html
20200907,14:30,ZH,,6548,34,12,8,,145,https://www.zh.ch/de/gesundheit/coronavirus.html
20200906,14:30,ZH,,6505,31,12,8,,145,https://www.zh.ch/de/gesundheit/coronavirus.html
20200905,14:30,ZH,,6463,30,13,8,,145,https://www.zh.ch/de/gesundheit/coronavirus.html
20200904,14:30,ZH,,6385,28,11,7,,145,https://www.zh.ch/de/gesundheit/coronavirus.html
20200903,14:30,ZH,,6289,28,11,7,,145,https://www.zh.ch/de/gesundheit/coronavirus.html
20200902,14:30,ZH,,6217,27,11,7,,145,https://www.zh.ch/de/gesundheit/coronavirus.html
20200901,14:30,ZH,,6125,26,7,6,,145,https://www.zh.ch/de/gesundheit/coronavirus.html
20200831,14:30,ZH,,6057,22,8,6,,145,https://www.zh.ch/de/gesundheit/coronavirus.html
20200830,14:30,ZH,,6037,21,9,5,,145,https://www.zh.ch/de/gesundheit/coronavirus.html
20200829,14:30,ZH,,5984,19,8,5,,144,https://www.zh.ch/de/gesundheit/coronavirus.html
20200828,14:30,ZH,,5921,19,9,6,,144,https://www.zh.ch/de/gesundheit/coronavirus.html
20200827,14:30,ZH,,5833,18,7,5,,144,https://www.zh.ch/de/gesundheit/coronavirus.html
20200826,14:30,ZH,,5737,19,8,6,,144,https://www.zh.ch/de/gesundheit/coronavirus.html
20200825,14:30,ZH,,5620,16,9,5,,144,https://www.zh.ch/de/gesundheit/coronavirus.html
20200824,14:30,ZH,,5570,22,9,5,,144,https://www.zh.ch/de/gesundheit/coronavirus.html
20200823,14:30,ZH,,5538,25,11,6,,143,https://www.zh.ch/de/gesundheit/coronavirus.html
20200822,14:30,ZH,,5497,23,12,7,,143,https://www.zh.ch/de/gesundheit/coronavirus.html
20200821,14:30,ZH,,5453,25,9,7,,143,https://www.zh.ch/de/gesundheit/coronavirus.html
20200820,14:30,ZH,,5370,30,10,8,,142,https://www.zh.ch/de/gesundheit/coronavirus.html
20200819,14:30,ZH,,5295,32,9,9,,142,https://www.zh.ch/de/gesundheit/coronavirus.html
20200818,14:30,ZH,,5226,33,9,9,,142,https://www.zh.ch/de/gesundheit/coronavirus.html
20200817,14:30,ZH,,5160,33,9,9,,142,https://www.zh.ch/de/gesundheit/coronavirus.html
20200816,14:30,ZH,,5116,29,7,7,,142,https://www.zh.ch/de/gesundheit/coronavirus.html
20200815,14:30,ZH,,5087,26,6,6,,142,https://www.zh.ch/de/gesundheit/coronavirus.html
20200814,14:30,ZH,,5025,26,6,6,,142,https://www.zh.ch/de/gesundheit/coronavirus.html
20200813,14:30,ZH,,4965,27,6,6,,142,https://www.zh.ch/de/gesundheit/coronavirus.html
20200812,14:30,ZH,,4909,27,5,5,,142,https://www.zh.ch/de/gesundheit/coronavirus.html
20200811,14:30,ZH,,4857,27,5,5,,142,https://www.zh.ch/de/gesundheit/coronavirus.html
20200810,14:30,ZH,,4793,27,5,5,,142,https://www.zh.ch/de/gesundheit/coronavirus.html
20200809,14:30,ZH,,4754,28,7,6,,141,https://www.zh.ch/de/gesundheit/coronavirus.html
20200808,14:30,ZH,,4738,26,7,6,,141,https://www.zh.ch/de/gesundheit/coronavirus.html
20200807,14:30,ZH,,4697,25,7,6,,141,https://www.zh.ch/de/gesundheit/coronavirus.html
20200806,14:30,ZH,,4665,25,5,4,,141,https://www.zh.ch/de/gesundheit/coronavirus.html
20200805,14:30,ZH,,4630,29,6,4,,140,https://www.zh.ch/de/gesundheit/coronavirus.html
20200804,14:30,ZH,,4579,35,6,4,,140,https://www.zh.ch/de/gesundheit/coronavirus.html
20200803,14:30,ZH,,4560,36,6,4,,139,https://www.zh.ch/de/gesundheit/coronavirus.html
20200802,14:30,ZH,,4548,36,7,4,,139,https://www.zh.ch/de/gesundheit/coronavirus.html
20200801,14:30,ZH,,4537,36,7,5,,139,https://www.zh.ch/de/gesundheit/coronavirus.html
20200731,14:30,ZH,,4514,34,7,5,,139,https://www.zh.ch/de/gesundheit/coronavirus.html
20200730,14:30,ZH,,4483,27,7,5,,139,https://www.zh.ch/de/gesundheit/coronavirus.html
20200729,14:30,ZH,,4453,27,8,3,,139,https://www.zh.ch/de/gesundheit/coronavirus.html
20200728,14:30,ZH,,4408,25,7,3,,139,https://www.zh.ch/de/gesundheit/coronavirus.html
20200727,14:30,ZH,,4383,26,5,2,,139,https://www.zh.ch/de/gesundheit/coronavirus.html
20200726,14:30,ZH,,4363,24,4,1,,139,https://www.zh.ch/de/gesundheit/coronavirus.html
20200725,14:30,ZH,,4357,26,4,1,,139,https://www.zh.ch/de/gesundheit/coronavirus.html
20200724,14:30,ZH,,4343,26,5,2,,139,https://www.zh.ch/de/gesundheit/coronavirus.html
20200723,14:30,ZH,,4320,24,4,3,,138,https://www.zh.ch/de/gesundheit/coronavirus.html
20200722,14:30,ZH,,4296,24,5,3,,138,https://www.zh.ch/de/gesundheit/coronavirus.html
20200721,14:30,ZH,,4269,26,5,3,,138,https://www.zh.ch/de/gesundheit/coronavirus.html
20200720,14:30,ZH,,4231,29,6,4,,138,https://www.zh.ch/de/gesundheit/coronavirus.html
20200719,14:30,ZH,,4216,24,7,6,,137,https://www.zh.ch/de/gesundheit/coronavirus.html
20200718,14:30,ZH,,4203,24,7,6,,137,https://www.zh.ch/de/gesundheit/coronavirus.html
20200717,14:30,ZH,,4188,26,9,6,,137,https://www.zh.ch/de/gesundheit/coronavirus.html
20200716,14:30,ZH,,4159,23,8,6,,137,https://www.zh.ch/de/gesundheit/coronavirus.html
20200715,14:30,ZH,,4144,24,9,6,,137,https://www.zh.ch/de/gesundheit/coronavirus.html
20200714,14:30,ZH,,4112,24,10,6,,136,https://www.zh.ch/de/gesundheit/coronavirus.html
20200713,14:30,ZH,,4085,26,7,5,,136,https://www.zh.ch/de/gesundheit/coronavirus.html
20200712,14:30,ZH,,4068,20,6,3,,136,https://www.zh.ch/de/gesundheit/coronavirus.html
20200711,14:30,ZH,,4050,12,5,3,,136,https://www.zh.ch/de/gesundheit/coronavirus.html
20200710,14:30,ZH,,4039,12,5,3,,136,https://www.zh.ch/de/gesundheit/coronavirus.html
20200709,14:30,ZH,,4019,12,5,3,,136,https://www.zh.ch/de/gesundheit/coronavirus.html
20200708,14:30,ZH,,4000,11,4,3,,136,https://www.zh.ch/de/gesundheit/coronavirus.html
20200707,14:30,ZH,,3977,13,2,2,,134,https://www.zh.ch/de/gesundheit/coronavirus.html
20200706,14:30,ZH,,3952,12,2,2,,134,https://www.zh.ch/de/gesundheit/coronavirus.html
20200705,14:30,ZH,,3933,11,1,1,,134,https://www.zh.ch/de/gesundheit/coronavirus.html
20200704,14:30,ZH,,3925,9,0,0,,134,https://www.zh.ch/de/gesundheit/coronavirus.html
20200703,14:30,ZH,,3912,8,0,0,,134,https://www.zh.ch/de/gesundheit/coronavirus.html
20200702,14:30,ZH,,3889,10,0,0,,134,https://www.zh.ch/de/gesundheit/coronavirus.html
20200701,14:30,ZH,,3833,13,2,0,,134,https://www.zh.ch/de/gesundheit/coronavirus.html
20200630,14:30,ZH,,3785,12,2,0,,134,https://www.zh.ch/de/gesundheit/coronavirus.html
20200629,14:30,ZH,,3757,10,7,1,,134,https://www.zh.ch/de/gesundheit/coronavirus.html
20200628,14:30,ZH,,3748,8,5,0,,133,https://www.zh.ch/de/gesundheit/coronavirus.html
20200627,14:30,ZH,,3737,8,5,0,,133,https://www.zh.ch/de/gesundheit/coronavirus.html
20200626,14:30,ZH,,3725,7,5,1,,133,https://www.zh.ch/de/gesundheit/coronavirus.html
20200625,14:30,ZH,,3706,7,4,1,,133,https://www.zh.ch/de/gesundheit/coronavirus.html
20200624,14:30,ZH,,3698,8,1,0,,133,https://www.zh.ch/de/gesundheit/coronavirus.html
20200623,14:30,ZH,,3682,10,1,0,,133,https://www.zh.ch/de/gesundheit/coronavirus.html
20200622,14:30,ZH,,3678,11,1,0,,133,https://www.zh.ch/de/gesundheit/coronavirus.html
20200621,14:30,ZH,,3675,10,0,0,,133,https://www.zh.ch/de/gesundheit/coronavirus.html
20200620,14:30,ZH,,3670,10,1,0,,133,https://www.zh.ch/de/gesundheit/coronavirus.html
20200619,14:30,ZH,,3663,9,0,0,,133,https://www.zh.ch/de/gesundheit/coronavirus.html
20200618,14:30,ZH,,3662,10,0,0,,133,https://www.zh.ch/de/gesundheit/coronavirus.html
20200617,14:30,ZH,,3657,8,0,0,,133,https://www.zh.ch/de/gesundheit/coronavirus.html
20200616,14:30,ZH,,3647,8,0,0,,133,https://www.zh.ch/de/gesundheit/coronavirus.html
20200615,14:30,ZH,,3640,9,1,0,,133,https://www.zh.ch/de/gesundheit/coronavirus.html
20200614,14:30,ZH,,3633,9,1,0,,133,https://www.zh.ch/de/gesundheit/coronavirus.html
20200613,14:30,ZH,,3628,8,1,0,,133,https://www.zh.ch/de/gesundheit/coronavirus.html
20200612,14:30,ZH,,3625,9,0,0,,133,https://www.zh.ch/de/gesundheit/coronavirus.html
20200611,14:30,ZH,,3623,8,0,0,,133,https://www.zh.ch/de/gesundheit/coronavirus.html
20200610,14:30,ZH,,3621,7,0,0,,133,https://www.zh.ch/de/gesundheit/coronavirus.html
20200609,14:30,ZH,,3618,6,0,0,,133,https://www.zh.ch/de/gesundheit/coronavirus.html
20200608,14:30,ZH,,3618,7,0,0,,133,https://www.zh.ch/de/gesundheit/coronavirus.html
20200607,14:30,ZH,,3618,7,2,1,,133,https://www.zh.ch/de/gesundheit/coronavirus.html
20200606,14:30,ZH,,3618,7,2,1,,133,https://www.zh.ch/de/gesundheit/coronavirus.html
20200605,14:30,ZH,,3614,8,2,1,,133,https://www.zh.ch/de/gesundheit/coronavirus.html
20200604,14:30,ZH,,3608,9,5,1,,133,https://www.zh.ch/de/gesundheit/coronavirus.html
20200603,14:30,ZH,,3600,9,5,1,,133,https://www.zh.ch/de/gesundheit/coronavirus.html
20200602,14:30,ZH,,3597,11,1,0,,133,https://www.zh.ch/de/gesundheit/coronavirus.html
20200601,14:30,ZH,,3595,11,3,1,,133,https://www.zh.ch/de/gesundheit/coronavirus.html
20200531,14:30,ZH,,3595,11,3,1,,133,https://www.zh.ch/de/gesundheit/coronavirus.html
20200530,14:30,ZH,,3595,12,0,0,,133,https://www.zh.ch/de/gesundheit/coronavirus.html
20200529,14:30,ZH,,3589,15,0,0,,133,https://www.zh.ch/de/gesundheit/coronavirus.html
20200528,14:30,ZH,,3583,20,2,1,,133,https://www.zh.ch/de/gesundheit/coronavirus.html
20200527,14:30,ZH,,3578,18,4,1,,133,https://www.zh.ch/de/gesundheit/coronavirus.html
20200526,14:30,ZH,,3575,19,6,1,,133,https://www.zh.ch/de/gesundheit/coronavirus.html
20200525,14:30,ZH,,3569,23,8,1,,133,https://www.zh.ch/de/gesundheit/coronavirus.html
20200524,14:30,ZH,,3567,28,8,1,,133,https://www.zh.ch/de/gesundheit/coronavirus.html
20200523,14:30,ZH,,3566,26,7,1,,133,https://www.zh.ch/de/gesundheit/coronavirus.html
20200522,14:30,ZH,,3564,31,8,4,,133,https://www.zh.ch/de/gesundheit/coronavirus.html
20200521,14:30,ZH,,3562,25,6,3,,132,https://www.zh.ch/de/gesundheit/coronavirus.html
20200520,14:30,ZH,,3561,29,7,4,,131,https://www.zh.ch/de/gesundheit/coronavirus.html
20200519,14:30,ZH,,3557,30,8,6,,131,https://www.zh.ch/de/gesundheit/coronavirus.html
20200518,14:30,ZH,,3553,33,12,8,,130,https://www.zh.ch/de/gesundheit/coronavirus.html
20200517,14:30,ZH,,3549,33,12,8,,130,https://www.zh.ch/de/gesundheit/coronavirus.html
20200516,14:30,ZH,,3547,32,13,8,,130,https://www.zh.ch/de/gesundheit/coronavirus.html
20200515,14:30,ZH,,3542,33,12,7,,130,https://www.zh.ch/de/gesundheit/coronavirus.html
20200514,14:30,ZH,,3540,36,12,7,,129,https://www.zh.ch/de/gesundheit/coronavirus.html
20200513,14:30,ZH,,3535,38,11,8,,129,https://www.zh.ch/de/gesundheit/coronavirus.html
20200512,14:30,ZH,,3529,44,9,7,,129,https://www.zh.ch/de/gesundheit/coronavirus.html
20200511,14:30,ZH,,3527,44,10,5,,129,https://www.zh.ch/de/gesundheit/coronavirus.html
20200510,14:30,ZH,,3522,40,10,5,,129,https://www.zh.ch/de/gesundheit/coronavirus.html
20200509,14:30,ZH,,3519,37,8,5,,129,https://www.zh.ch/de/gesundheit/coronavirus.html
20200508,14:30,ZH,,3514,47,8,5,,128,https://www.zh.ch/de/gesundheit/coronavirus.html
20200507,14:30,ZH,,3504,50,12,7,,128,https://www.zh.ch/de/gesundheit/coronavirus.html
20200506,14:30,ZH,,3494,53,14,7,,128,https://www.zh.ch/de/gesundheit/coronavirus.html
20200505,14:30,ZH,,3479,54,16,9,,127,https://www.zh.ch/de/gesundheit/coronavirus.html
20200504,14:30,ZH,,3463,43,18,11,,126,https://www.zh.ch/de/gesundheit/coronavirus.html
20200503,14:30,ZH,,3461,42,19,12,,126,https://www.zh.ch/de/gesundheit/coronavirus.html
20200502,14:30,ZH,,3457,41,19,13,,126,https://www.zh.ch/de/gesundheit/coronavirus.html
20200501,14:30,ZH,,3454,43,20,14,,126,https://www.zh.ch/de/gesundheit/coronavirus.html
20200430,14:30,ZH,,3441,61,21,15,,126,https://www.zh.ch/de/gesundheit/coronavirus.html
20200429,14:30,ZH,,3430,82,25,19,,124,https://www.zh.ch/de/gesundheit/coronavirus.html
20200428,14:30,ZH,,3401,84,25,19,,121,https://www.zh.ch/de/gesundheit/coronavirus.html
20200427,14:30,ZH,,3386,73,33,24,,121,https://www.zh.ch/de/gesundheit/coronavirus.html
20200426,14:30,ZH,,3368,75,33,26,,117,https://www.zh.ch/de/gesundheit/coronavirus.html
20200425,14:30,ZH,,3365,77,44,38,,117,https://www.zh.ch/de/gesundheit/coronavirus.html
20200424,14:30,ZH,,3334,83,46,42,,115,https://www.zh.ch/de/gesundheit/coronavirus.html
20200423,14:30,ZH,,3309,96,0,44,,114,https://www.zh.ch/de/gesundheit/coronavirus.html
20200422,14:30,ZH,,3294,110,0,44,,111,https://www.zh.ch/de/gesundheit/coronavirus.html
20200421,14:30,ZH,,3255,110,0,41,,110,https://www.zh.ch/de/gesundheit/coronavirus.html
20200420,14:30,ZH,,3230,121,0,43,,108,https://www.zh.ch/de/gesundheit/coronavirus.html
20200419,14:30,ZH,,3214,116,0,43,,106,https://www.zh.ch/de/gesundheit/coronavirus.html
20200418,14:30,ZH,,3187,114,0,44,,105,https://www.zh.ch/de/gesundheit/coronavirus.html
20200417,14:30,ZH,,3148,123,0,45,,100,https://www.zh.ch/de/gesundheit/coronavirus.html
20200416,14:30,ZH,,3125,135,0,51,,95,https://www.zh.ch/de/gesundheit/coronavirus.html
20200415,14:30,ZH,,3091,136,0,50,,91,https://www.zh.ch/de/gesundheit/coronavirus.html
20200414,14:30,ZH,,3045,149,0,52,,87,https://www.zh.ch/de/gesundheit/coronavirus.html
20200413,14:30,ZH,,2998,154,0,50,,83,https://www.zh.ch/de/gesundheit/coronavirus.html
20200412,14:30,ZH,,2981,153,0,49,,79,https://www.zh.ch/de/gesundheit/coronavirus.html
20200411,14:30,ZH,,2964,149,0,50,,77,https://www.zh.ch/de/gesundheit/coronavirus.html
20200410,14:30,ZH,,2906,152,0,50,,71,https://www.zh.ch/de/gesundheit/coronavirus.html
20200409,14:30,ZH,,2866,165,0,55,,66,https://www.zh.ch/de/gesundheit/coronavirus.html
20200408,14:30,ZH,,2769,170,0,56,,64,https://www.zh.ch/de/gesundheit/coronavirus.html
20200407,14:30,ZH,,2675,181,0,60,,56,https://www.zh.ch/de/gesundheit/coronavirus.html
20200406,14:30,ZH,,2592,198,0,58,,54,https://www.zh.ch/de/gesundheit/coronavirus.html
20200405,14:30,ZH,,2478,194,0,59,,52,https://www.zh.ch/de/gesundheit/coronavirus.html
20200404,14:30,ZH,,2448,194,0,59,,48,https://www.zh.ch/de/gesundheit/coronavirus.html
20200403,14:30,ZH,,2415,207,0,57,,41,https://www.zh.ch/de/gesundheit/coronavirus.html
20200402,14:30,ZH,,2287,200,0,53,,39,https://www.zh.ch/de/gesundheit/coronavirus.html
20200401,14:30,ZH,,2123,203,0,54,,36,https://www.zh.ch/de/gesundheit/coronavirus.html
20200331,14:30,ZH,,1934,196,0,50,,27,https://www.zh.ch/de/gesundheit/coronavirus.html
20200330,14:30,ZH,,1846,197,0,46,,24,https://www.zh.ch/de/gesundheit/coronavirus.html
20200329,14:30,ZH,,1720,194,0,46,,22,https://www.zh.ch/de/gesundheit/coronavirus.html
20200328,14:30,ZH,,1688,187,0,42,,19,https://www.zh.ch/de/gesundheit/coronavirus.html
20200327,14:30,ZH,,1614,171,0,38,,15,https://www.zh.ch/de/gesundheit/coronavirus.html
20200326,14:30,ZH,,1488,156,0,35,,13,https://www.zh.ch/de/gesundheit/coronavirus.html
20200325,14:30,ZH,,1356,146,0,28,,10,https://www.zh.ch/de/gesundheit/coronavirus.html
20200324,14:30,ZH,,1212,138,0,26,,8,https://www.zh.ch/de/gesundheit/coronavirus.html
20200323,14:30,ZH,,1066,127,0,27,,6,https://www.zh.ch/de/gesundheit/coronavirus.html
20200322,14:30,ZH,,977,110,0,22,,6,https://www.zh.ch/de/gesundheit/coronavirus.html
20200321,14:30,ZH,,918,83,0,23,,5,https://www.zh.ch/de/gesundheit/coronavirus.html
20200320,14:30,ZH,,711,83,0,15,,4,https://www.zh.ch/de/gesundheit/coronavirus.html
20200319,14:30,ZH,,679,60,,12,,3,https://www.zh.ch/de/gesundheit/coronavirus.html
20200318,14:30,ZH,,568,,,,,2,https://www.zh.ch/de/gesundheit/coronavirus.html
20200317,14:30,ZH,,429,,,,,1,https://www.zh.ch/de/gesundheit/coronavirus.html
20200316,14:30,ZH,,326,,,,,1,https://www.zh.ch/de/gesundheit/coronavirus.html
20200315,14:30,ZH,,250,,,,,1,https://www.zh.ch/de/gesundheit/coronavirus.html
20200314,14:30,ZH,,218,,,,,,https://www.zh.ch/de/gesundheit/coronavirus.html
20200313,14:30,ZH,,163,,,,,,https://www.zh.ch/de/gesundheit/coronavirus.html
20200312,14:30,ZH,,140,,,,,,https://www.zh.ch/de/gesundheit/coronavirus.html
20200311,14:30,ZH,,101,,,,,,https://www.zh.ch/de/gesundheit/coronavirus.html
20200310,14:30,ZH,,62,,,,,,https://www.zh.ch/de/gesundheit/coronavirus.html
20200309,14:30,ZH,,49,,,,,,https://www.zh.ch/de/gesundheit/coronavirus.html
20200308,14:30,ZH,,40,,,,,,https://www.zh.ch/de/gesundheit/coronavirus.html
20200307,14:30,ZH,,34,,,,,,https://www.zh.ch/de/gesundheit/coronavirus.html
20200306,14:30,ZH,,29,,,,,,https://www.zh.ch/de/gesundheit/coronavirus.html
20200305,14:30,ZH,,23,,,,,,https://www.zh.ch/de/gesundheit/coronavirus.html
20200304,14:30,ZH,,15,,,,,,https://www.zh.ch/de/gesundheit/coronavirus.html
20200303,14:30,ZH,,13,,,,,,https://www.zh.ch/de/gesundheit/coronavirus.html
20200302,14:30,ZH,,10,,,,,,https://www.zh.ch/de/gesundheit/coronavirus.html
20200301,14:30,ZH,,7,,,,,,https://www.zh.ch/de/gesundheit/coronavirus.html
20200229,14:30,ZH,,6,,,,,,https://www.zh.ch/de/gesundheit/coronavirus.html
20200228,14:30,ZH,,2,,,,,,https://www.zh.ch/de/gesundheit/coronavirus.html
20200227,14:30,ZH,,2,,,,,,https://www.zh.ch/de/gesundheit/coronavirus.html
